job_url,site,title,company,company_url,location,job_type,date_posted,interval,min_amount,max_amount,currency,is_remote,num_urgent_words,benefits,emails,description
https://www.indeed.com/viewjob?jk=7ff6695f3ac11acd,indeed,Software Engineer,Bank of America,https://www.indeed.com/cmp/Bank-of-America,"Plano, TX, USA",fulltime,2024-01-10,,,,,False,0,,,"Job Description: At Bank of America, we are guided by a common purpose to help make financial lives better through the power of every connection. Responsible Growth is how we run our company and how we deliver for our clients, teammates, communities and shareholders every day. One of the keys to driving Responsible Growth is being a great place to work for our teammates around the world. We’re devoted to being a diverse and inclusive workplace for everyone. We hire individuals with a broad range of backgrounds and experiences and invest heavily in our teammates and their families by offering competitive benefits to support their physical, emotional, and financial well-being. Bank of America believes both in the importance of working together and offering flexibility to our employees. We use a multi-faceted approach for flexibility, depending on the various roles in our organization. Working at Bank of America will give you a great career with opportunities to learn, grow and make an impact, along with the power to make a difference. Join us! This role is responsible for developing and delivering complex requirements to accomplish business goals. Key responsibilities of the role include ensuring that software is developed to meet functional/non-functional requirements, coding solutions and unit testing. These individuals are aware of the development practices in the industry. Responsibilities: Codes solutions and unit test to deliver a requirement/story per the defined acceptance criteria Executes automated test suites (integration, regression, performance); collect results and flag issues Documents and communicate required information for deployment, maintenance, support, and business functionality Adheres to team delivery/release process and cadence pertaining to code deployment and release Contributes to story refinement and definition of requirements Required Skills: Coding Testing Active Listening Effective Communication Change Management Problem-solving Must be current Year Up intern with Bank of America Shift: 1st shift (United States of America) Hours Per Week: 40"
https://www.indeed.com/viewjob?jk=e941072145591569,indeed,Software Engineer,Geologics Corporation,https://www.indeed.com/cmp/Geologics-Corporation,"Fort Worth, TX, USA",contract,2024-01-10,hourly,40,75,USD,False,0,,"mgephart@geologics.com, mgephart@geologics.com, mgephart@geologics.com","Information Technology - Software Engineer needed: Fort Worth, TX. We have an opening with a great client of ours and we are looking for an Information Technology - Software Engineer to work in Fort Worth, TX . This is a 1 year long contract with a possible extension. You must be a US Citizen to apply. Required: US Citizenship and Residency, W2 hourly Contract Only, No 1099, No third parties, no C2C. No exceptions (Sorry) Pay: $40 to $75/hr. D.O.E. Information Technology - Software Engineer The candidate will be doing integration and verification of real time, safety-critical embedded software for flight worthy electronic components. Authors software test procedures, implements tests in National Instruments Test-Stand and Lab-View, works with team of electronic, software and test engineers to resolve problems, and document test results. Good oral and written communication skills required as is the ability to flex and adapt in a fast-paced team environment. Required Skills Software Requirement Verification Experience - Software Functional Qualification Testing (FQT), Software Test Procedure and Report Authoring, etc. Software Integration Experience - Experience Integrating Software, Electronic Hardware and Test Equipment Previous Experience Implementing Tests in National Instruments Test-Stand and Lab-View If interested in learning more about this position, please email your resume to mgephart@geologics.com and I will call back with more information. Best Regards, Matt Gephart Sr. Recruiter (703) 891-6129 mgephart@geologics.com About GeoLogics GeoLogics is a 34 year old growing technical services company headquartered in Alexandria, Virginia, with 8 regional offices distributed throughout the country. The Company provides software, IT and engineering services, mission critical solutions, and technical support primarily to the Defense and Aerospace industry, various agencies of the U.S. federal government and commercial clients. GeoLogics specializes in the areas of engineering, IT, communications, software, systems development and research and development. Benefit Summary The GeoLogics Employee Benefits Program (EBP) reflects our abiding interest in and commitment to meeting the needs of our diverse workforce and providing financial security for both our employees and their families. GeoLogics offers an exceptionally competitive array of benefits for our employees, including: Health Insurance (w/ Dental & Vision), Life & Disability Insurance, Long Term Care, Flexible Spending Accounts, PTO, and a Retirement 401k Plan. GeoLogics is an Equal Opportunity Employer For more information, please visit our website at: www.geologics.com Matt Gephart Sr. Recruiter (703) 891-6129 mgephart@geologics.com Rates listed are not a guarantee of salary/rate. Rate offered at time of hire will depend on many factors including education, experience, interview results and skill level GeoLogics is an Equal Opportunity/Affirmative Action Employer that is committed to hiring a diverse and talented workforce. EOE/Disability/Veteran The candidate will be doing integration and verification of real time, safety-critical embedded software for flight worthy electronic components. Authors software test procedures, implements tests in National Instruments Test-Stand and Lab-View, works with team of electronic, software and test engineers to resolve problems, and document test results. Good oral and written communication skills required as is the ability to flex and adapt in a fast-paced team environment. Required Skills Software Requirement Verification Experience - Software Functional Qualification Testing (FQT), Software Test Procedure and Report Authoring, etc. Software Integration Experience - Experience Integrating Software, Electronic Hardware and Test Equipment Previous Experience Implementing Tests in National Instruments Test-Stand and Lab-View"
https://www.indeed.com/viewjob?jk=6df2764602946524,indeed,Java Developer,Anblicks,,"Dallas, TX, USA",,2021-03-04,,,,,False,0,,,"Position : Hybris/Java developer Location : Dallas,TX Skills: Looking for Hybris/Java developers in Dallas,TX"
https://www.indeed.com/viewjob?jk=5a315cc6b24b6824,indeed,Full Stack Developer,"Agora Data, Inc.",,"Arlington, TX, USA",fulltime,2024-01-10,,,,,False,0,,,"The Full Stack Software Engineer is responsible for designing and implementing innovative software solutions. This role requires a strong background in coding practices and will play an active role in shaping our innovative projects. Enjoy the excitement of working in a dynamic workplace that supports career growth. What You’ll Do Demonstrate a 'team-first' mindset, fostering a culture of trust and respect among teammates. Collaborate on cross-functional development teams to build and maintain software applications. Write clean, efficient, and maintainable code following coding best practices. Contribute to the design and implementation of software features and components. Debug and troubleshoot software issues, ensuring the stability and reliability of our software. Adapt to evolving project requirements and assist in successfully delivering software solutions. Actively participate in code reviews to maintain code quality and share knowledge. Take ownership of specific projects or components, ensuring on-time delivery. Seek to understand the business and build experiences that serve our customers. Communicate technical concepts effectively to both technical and non-technical team members. Continuously learn and stay updated on relevant technologies and best practices. Perform other projects and tasks as assigned. What You Need Bachelor's degree in computer science, software engineering, or a related field. 3+ years of experience in software development. Proficient in Javascript, HTML and CSS. Familiar with responsive design & design systems. Strong SQL skills and the ability to work with multiple RDBMS. Proficiency in data analysis tools and techniques. Experience working in Scrum/Agile development. Outstanding organizational and time management skills. Ability to work with a remote development team. Any additional certifications or relevant projects demonstrating your skills are a plus. Preferred Skills 1+ year of experience in consumer finance and/or auto finance industries. Proficiency in front-end framework experience, such as React, Angular, or Next.JS. Back-end database experience, such as PostgreSQL and Snowflake. Physical Requirements Frequent but minimal physical effort such as sitting, standing and walking. Occasional moving and lifting equipment and furniture are required to support onsite and offsite meeting setup and teardown. Capable of lifting up to 50 pounds, bending, kneeling, and climbing ladders. What We Offer You Competitive Salary Health Insurance (medical, dental, and vision) 401k Retirement Plan Performance Bonus Unaccrued PTO Incentive Stock Options Collaborative Environment This is a full-time, on-site role."
https://www.indeed.com/viewjob?jk=37c237405e47020e,indeed,Android Developer,Safeway,https://www.indeed.com/cmp/Safeway,"Plano, TX, USA",fulltime,2024-01-10,yearly,144000,188000,USD,True,0,,,"About the company Albertsons Companies is at the forefront of the revolution in retail. With a fixation on raising the bar with innovation and building belonging through our culture, our team is rallying our company around a unique purpose : to create joy around each table and inspire a healthier tomorrow for every community. Albertsons Companies is one of the largest food and drug retailers in the United States, with over 2,200 stores in 34 states and the District of Columbia. Our well-known banners include Albertsons, Safeway, Vons, Jewel-Osco, Shaw's, Acme, Tom Thumb, Randalls, United Supermarkets, Pavilions, Star Market, Haggen, Carrs, Kings Food Markets, and Balducci's Food Lovers Market. We support our stores with 22 distribution centers and 19 manufacturing plants. Placing a premium on adaptability, safety and family well-being, our work model, Presence with a Purpose, offers a hybrid work environment between remote work and office time. A one-size-fits-all approach does not apply to everyone, and teams are empowered to make decisions best for them. Bring your flavor Building the future of food and well-being starts with you. Join our team and bring your best self to the table. The position will be based in Dallas TX or Pleasanton CA. What you will be doing The Albertsons Companies IT group is utilizing the latest in technologies to build market-leading digital solutions. The Information Technology Department has an opening for an Android Staff Engineer that thrives in the Pharmacy landscape and desires to contribute in a fast-paced environment. This position is in Pleasanton, California. #LI-MG1 Main responsibilities Hands on code writing skills, conducts code reviews and works continuously on code quality improvements. Performs advanced development, support and implementation of complex systems using specialized domain knowledge and highly developed business expertise. Partners with Architects to work on low level designs. Leads large projects and programs with limited or no oversight. Evaluates business and software industry trends and suggests improvements to processes, products and services. Propose and champion new ideas, technologies, or process improvements that can enhance the development process and product quality. Sets standards to deliver high-quality products and services; Sets high standards for self and others. “The salary range is $144K to $188K annually. Starting salary will vary based on criteria such as location, experience, and qualifications. There may be flexibility for exceptional candidates. A copy of the full job description can be made available to you. What we are searching for 7+ years of software development experience. 5+ years of programming mobile Android native application development experience. Strong experience with Android frameworks such as Jetpack. Strong experience with Java, Kotlin and Gradle. Experience with publishing one or more Android apps in the google play store. Experience with automated unit testing with tools like Espresso. Strong experience with the full software development lifecycle and software development methodologies (Agile). Strong experience with general mobile landscape, architectures, trends, and emerging technologies. What is it like at Albertsons? Our 290,000 associates have a passion for great service and building lasting relationships with our customers. Through a companywide focus on innovation, we are continually enhancing our digital and product offerings, making it easy for customers to get what they need, wherever they are."
https://www.indeed.com/viewjob?jk=b0314f3cf58a20e0,indeed,Digital Analyst,Citi,https://www.indeed.com/cmp/Citi,"Irving, TX, USA",fulltime,2024-01-10,yearly,139464,145600,USD,False,0,,NAMobilityRecruitment@citi.com,"Citibank, N.A. seeks a Digital S/W Eng Sr Analyst for its Irving, TX location. Duties: Accountable for all phases of development process – analysis, design, construction, testing and implementation in agile development lifecycles. Develop, maintain, and execute automated and manual test scripts for requirement/user story validation, integration, regression, performance, and usability testing. Implement Test and Behavior Driven Development as part of Shift-Left Strategy. Code and debug complex financial applications, as needed. Collaborate with business partners to analyze user stories, ensuring they are clear, concise, and technically feasible. Translate user stories into solutions that provide an excellent client experience and align with Digital’s architectural roadmap. Prepare detailed technical designs that account for security, resiliency, scalability, maintainability, and performance. Thorough understanding of Code, test, debug, implement, and support complex financial applications. Strive for continuous improvements of our processes, application designs, and application execution. Collaborate with onshore/offshore resources, ensuring adherence to our processes and standards. Remain abreast of emerging Digital technologies. Accountable for SDLC auditable artifacts – SIA (System Impact Analysis), Code Reviews, Test Plans and Exit Reports. Monitor projects on an ongoing basis, evaluating progress and quality, managing risks/issues, and taking corrective action as necessary to meet project deadlines. Remote work may be permitted within a commutable distance from the worksite, in accordance with Citi policy. Requirements: Requires a Bachelor’s degree, or foreign equivalent, in Computer Science, Engineering (any), Management Information Systems, or a related field, and five (5) years of experience in the job offered or in a related occupation. Five (5) years of experience must include: Developing and maintaining Spring boot microservices using Java and Oracle SQL; Automating day-to-day activities using scripting languages such as shell scripting for improving productivity; Automating RESTful or Soap APIs with tools such as Java RestAssured, Postman, SoapUI with standards such as Swagger; Performing Web/Mobile automation to develop, execute and maintain automated test cases on browser, iOS, and Android platforms; Using Git and Bitbucket for source code management and code reviews; Utilizing, Bitbucket, Zephyr, Appium, Android Studio, Jira to create, update and maintain test cases, execute, and integrate them with Zephyr; Designing and Implementing CICD pipelines to integrate automation check point for build and deploy process to increase build stability and reliability; and Monitoring Splunk logs and develop customized reporting dashboards. In the alternative, employer will accept Master’s degree, and three (3) years of experience. 40 hrs./wk. Applicants submit resumes at https://jobs.citi.com/ or by email to Citigroup Recruiting Dept. at NAMobilityRecruitment@citi.com. Please reference Job ID# 24717679. EO Employer. Wage Range: $139,464.00 to $145,600 Job Family Group: Technology Job Family: Digital Software Engineering - Job Family Group: - Job Family: - Time Type: Full time - Primary Location: Irving Texas United States - Primary Location Salary Range: - Citi is an equal opportunity and affirmative action employer. Qualified applicants will receive consideration without regard to their race, color, religion, sex, sexual orientation, gender identity, national origin, disability, or status as a protected veteran. Citigroup Inc. and its subsidiaries (""Citi”) invite all qualified interested applicants to apply for career opportunities. If you are a person with a disability and need a reasonable accommodation to use our search tools and/or apply for a career opportunity review Accessibility at Citi . View the "" EEO is the Law "" poster. View the EEO is the Law Supplement . View the EEO Policy Statement . View the Pay Transparency Posting"
https://www.indeed.com/viewjob?jk=0bbe4b6322ce56b8,indeed,Software Engineer,Lockheed Martin,https://www.indeed.com/cmp/Lockheed-Martin,"Grand Prairie, TX, USA",fulltime,2024-01-06,,,,,False,0,,,"Job ID: 657816BR Date posted: Dec. 07, 2023 Program: Dallas / IAMD / LT-P#-DV / WS INT CON Description: Lockheed Martin is a global security and aerospace company that employs approximately 114,000 people worldwide and is principally engaged in the research, design, development, manufacture, integration and sustainment of advanced technology systems, products and services. Lockheed Martin Missiles and Fire Control (MFC) is one of four Lockheed Martin business areas. MFC is a recognized designer, developer and manufacturer of precision engagement aerospace and defense systems for the U.S. and allied militaries. MFC develops, manufactures and supports advanced products for military customers that include the U.S. Army, Navy, Air Force, Marine Corps, NASA and dozens of foreign allies. MFC also offers a wide range of products and services for the global civil nuclear power industry and the military's green power initiatives. As a Software Engineer at MFC, you will join one of the largest networks of software professionals, implementing cutting edge technologies on both existing and new development platforms. You will be helping us solve the world's most difficult challenges supporting such wide-ranging domain areas such as aircraft flight command and control, air traffic control, health care, and homeland defense. Software professionals at MFC have the opportunity to work with a variety of technologies such as machine learning and related artificial intelligence, quantum computing using one of the world's first quantum computers, business applications such Enterprise Resource Planning (ERP), naval systems, radar systems, business intelligence/analytics, working on a Infrastructure Service Provider (ISP) team, developing code to support wireless mobile technologies, spacecraft attitude control, development of ""green"" technologies, robotics, oceanic exploration, missile combat systems, and virtual reality simulation platforms, information assurance/cyber security among other amazing software frontiers. We are a matrix engineering and technology organization so you will touch multiple programs over your career! MFC is looking for a graduating Software Engineering student with training in C/C++ to develop and maintain embedded software applications and/or desktop applications. Tasks involve requirement, design, code, test, and integrate software for an embedded multi-core system as well as desktop computer applications for emulation of sensors and countermeasures. Prior experience in GUI development is a plus to develop a user and data display interface. The best candidates will have experience with Linux OS and previous intern experience. Candidate will apply appropriate standards, processes, procedures, and tools throughout the development life cycle. For this assignment, the candidate will be assigned a ""buddy"" to answer questions that arise daily. They will work in a team with both technical and career leaders. Candidates applying to this position should have a Bachelor's degree, or greater, in Computer Engineering, Software Engineering, Computer Science or an equivalent field. Telecommuting opportunities can vary depending on daily tasking. For more details about the classification of this assignment, please see ""Ability to Work Remotely"". Candidates filling this position will need a US citizen and will need a clearance at the level specified in ""Clearance Level"" or will need the ability to get a clearance if not specified. In addition to meeting security clearance requirements, candidate may need to be approved to work Special Access Program (SAP) prior to start of employment. Basic Qualifications: Software development experience in C/C++ Ability to obtain DoD Secret Clearance Must be US Citizen Must have Bachelor's degree in related software discipline Desired Skills: Software configuration management Full software life-cycle development Ability to work with multi-disciplined teams Prior software development internships. Software integration and debugging techniques. Familiarity with Agile practices Degree in Computer Engineering Degree in Computer Science with focus on science and math Security Clearance Statement: This position requires a government security clearance, you must be a US Citizen for consideration. Clearance Level: Secret Other Important Information You Should Know Expression of Interest: By applying to this job, you are expressing interest in this position and could be considered for other career opportunities where similar skills and requirements have been identified as a match. Should this match be identified you may be contacted for this and future openings. Ability to Work Remotely: Part-time Remote Telework: The employee selected for this position will work part of their work schedule remotely and part of their work schedule at a designated Lockheed Martin facility. The specific weekly schedule will be discussed during the hiring process. Work Schedules: Lockheed Martin supports a variety of alternate work schedules that provide additional flexibility to our employees. Schedules range from standard 40 hours over a five day work week while others may be condensed. These condensed schedules provide employees with additional time away from the office and are in addition to our Paid Time off benefits. Schedule for this Position: 4x10 hour day, 3 days off per week Lockheed Martin is an Equal Opportunity/Affirmative Action Employer. All qualified applicants will receive consideration for employment without regard to race, color, religion, sex, pregnancy, sexual orientation, gender identity, national origin, age, protected veteran status, or disability status. The application window will close in 90 days; applicants are encouraged to apply within 5 - 30 days of the requisition posting date in order to receive optimal consideration. Join us at Lockheed Martin, where your mission is ours. Our customers tackle the hardest missions. Those that demand extraordinary amounts of courage, resilience and precision. They're dangerous. Critical. Sometimes they even provide an opportunity to change the world and save lives. Those are the missions we care about. As a leading technology innovation company, Lockheed Martin's vast team works with partners around the world to bring proven performance to our customers' toughest challenges. Lockheed Martin has employees based in many states throughout the U.S., and Internationally, with business locations in many nations and territories. Experience Level: 4 yr and up College Business Unit: MISSILES AND FIRE CONTROL Relocation Available: Possible Career Area: Software Engineering Type: Full-Time Shift: First"
https://www.indeed.com/viewjob?jk=e37671c767261e84,indeed,Android Developer,Safeway,https://www.indeed.com/cmp/Safeway,"Plano, TX, USA",fulltime,2024-01-10,yearly,173000,225000,USD,True,0,,,"About the company Albertsons Companies is at the forefront of the revolution in retail. With a fixation on raising the bar with innovation and building belonging through our culture, our team is rallying our company around a unique purpose : to create joy around each table and inspire a healthier tomorrow for every community. Albertsons Companies is one of the largest food and drug retailers in the United States, with over 2,200 stores in 34 states and the District of Columbia. Our well-known banners include Albertsons, Safeway, Vons, Jewel-Osco, Shaw's, Acme, Tom Thumb, Randalls, United Supermarkets, Pavilions, Star Market, Haggen, Carrs, Kings Food Markets, and Balducci's Food Lovers Market. We support our stores with 22 distribution centers and 19 manufacturing plants. Placing a premium on adaptability, safety and family well-being, our work model, Presence with a Purpose, offers a hybrid work environment between remote work and office time. A one-size-fits-all approach does not apply to everyone, and teams are empowered to make decisions best for them. Bring your flavor Building the future of food and well-being starts with you. Join our team and bring your best self to the table. The position will be based in Dallas TX or Pleasanton CA. #LI-MG1 Main responsibilities Design and Architectural Leadership: Develop and maintain the mobile application architecture for native platforms (IOS, Android. etc) ensuring alignment with the company’s goal and technical scalability. Hands-On Development: While this is leadership role, you will have to occasionally dive into the code, guiding and setting standards. Communication: Work closely with stake holders, Product managers, developers and UX/UI designers, ensuring clear communication about architectural decisions, tradeoffs and updates. Team leadership: Mentor and guide the mobile development team, ensure they adhere to architectural standards and best practices. “The salary range is $173k to $225K annually. Starting salary will vary based on criteria such as location, experience, and qualifications. There may be flexibility for exceptional candidates. "" A copy of the full job description can be made available to you. What we are searching for Bachelor’s degree or foreign degree equivalent in Software Engineering, Computer Science, Computer Engineering, or related field with ten (10) years of mobile android native application development experience and overall software design experience. You've published one or more Android apps in the google play store. You're familiar with Java, Kotlin and Gradle. You know how to work with Android frameworks such as Jetpack. You have a solid understanding of the Android platform and different versions of Android, and how to deal with different screen sizes. You have strong knowledge of Android UI design principles, patterns, and best practices. You have a working knowledge of the general mobile landscape, architectures, trends, and emerging technologies. You know what the full mobile development lifecycle involves. You're analytical and good at time management. You have great communication and problem-solving skills. You're curious about new technologies and you're excited to find ways to implement them in your work. You have experience with coaching and mentoring other developers. You can oversee integration of mobile apps with other enterprise systems and drive projects forward. What is it like at Albertsons? Our 290,000 associates have a passion for great service and building lasting relationships with our customers. Through a companywide focus on innovation, we are continually enhancing our digital and product offerings, making it easy for customers to get what they need, wherever they are."
https://www.indeed.com/viewjob?jk=887aed9a45a74ccf,indeed,Principal Software Engineer,Blackhawk Network,https://www.indeed.com/cmp/Blackhawk-Network,"Coppell, TX, USA",fulltime,2024-01-10,,,,,False,0,,,"About Blackhawk Network: Blackhawk Network (BHN) is the leader in global branded payment technologies. We strengthen relationships between brands and their customers, employees, and partners by transforming transactions into connections. BHN’s portfolio includes: Gift Card & eGift products, promotions and distribution that grow revenue faster; Rewards & Incentives that build loyalty and acquisition and are integrated into today’s leading platforms; and Payments that enable businesses and customers to access and disburse funds in convenient and innovative ways. BHN’s network spans across the globe with over 400,000 consumer touchpoints. Learn more at BHN.com. Overview: Blackhawk Network is building a digital platform and products that bring people and brands together. We facilitate cross channel payments via cash-in, cash-out and mobile payments. By leveraging smart contracts, serverless technology, real time payment systems, we are unlocking the next million users through innovation. Our employees are our biggest assets! Come find out how we engage, with the biggest brands in the world. We look for people who collaborate, who are inspirational, who have passion that can make a difference by working as a team while striving for global excellence. You can expect a strong investment in your professional growth, and a dedication to crafting a successful, sustainable career for you. Our teams are composed of highly talented and passionate 'A' players, who are also invested in mentoring and enabling the best qualities. Our vibrant culture and high expectations will kindle your passion and bring out the best in you! As a leader in branded payments, we are building a strong diverse team and expanding. This is an amazing opportunity for problem solvers who want to be a part of an innovative and creative Engineering team that values your contribution to the company. If this role has your name written all over it, please contact us apply now with a resume so that we explore further and get connected. Responsibilities: Lead architectural design for highly available products with a platform mindset. Lead technical decision making and guide the engineering teams. Develop cutting-edge software and drive continuous improvements of existing software. Actively contribute to the core features, platform, infrastructure, that's shared across teams. Able to do trade-off analysis to understand the scaling, reliability & security concerns of different technologies & solutions. Proactively monitor the adherence of the implementation to the chosen architecture during all iterations. Ensure compliance with Enterprise Architecture specifications. Ensure design and code reviews, analysis of code components and code coverage of Unit test cases. Drive end-to-end quality with effective automation of unit level, component level and system level testing. Define/refine metrics used to assess application performance, utilization, and scalability. Contribute to the execution of performance analysis and capacity planning activities. Qualifications: BS, MS, or PhD in Computer Science or equivalent work. 12+ years of enterprise level software development in Java. 3+ years of technology leadership experience in a modern / complex enterprise environment. Architect, design and develop a wide array of tools and infrastructure. Experienced with highly available services and multi region architecture. Thrive in any environment, define problems, and come up with practical solutions. An expert in building software integrations and frameworks. Solid foundation in full-stack software development. Deep understanding of software craftsmanship, solid design principles, best practices, and design patterns. Experienced with security assessments (Threat modelling, Pen testing etc.) Hands on knowledge of micro-services architectures, design patterns and principles. Hands on knowledge for solving software application architecture problems. Ability to clearly communicate technical aspects of an integration to non-technical minded partners. Demonstrate a high degree of precision in software development. We deal with real money, and areas where precision and quality are key. You deeply care about the external and internal software quality and how you approach all aspects of the software development. Hands on knowledge of build and deployment of applications in a modern CI/CD delivery environment with frequent releases. Good knowledge of databases and persistent. Strong proficiency of public and private cloud infrastructures – preferably AWS. EEO Statement: Blackhawk Network provides equal employment opportunities to all employees and applicants for employment and prohibits discrimination and harassment of any type without regard to race, color, religion, age, sex, national origin, disability status, genetics, protected veteran status, sexual orientation, gender identity or expression, or any other characteristic protected by federal, state or local laws. Blackhawk Network believes that diversity leads to strength. This policy applies to all terms and conditions of employment, including recruiting, hiring, placement, promotion, termination, layoff, recall, transfer, leaves of absence, compensation, and training. Blackhawk Network encourages applicants with previous criminal records to apply to all positions and, pursuant to the San Francisco and Los Angeles Fair Chance Acts (and other “Fair Chance” laws), Blackhawk Network will consider for employment qualified applicants with arrest and conviction records. For Philadelphia applicants or jobs, please see a copy of Philadelphia’s ordinance on this topic by clicking this link: https://codelibrary.amlegal.com/codes/philadelphia/latest/philadelphia_pa/0-0-0-280104."
https://www.indeed.com/viewjob?jk=0d743f8ac97fbba1,indeed,Site Reliability Engineer,Copart,"https://www.indeed.com/cmp/Copart,-Inc","Dallas, TX, USA",fulltime,2024-01-10,,,,,False,0,,,"Copart is seeking a Site Reliability Engineer for our Dallas HQ office specializing in Systems and application monitoring and troubleshooting. This position will be part of a 24/7 Global Network Operations team that monitors and provides L1/L2 support to meet the SLA commitment of Copart's Global Data Center and Application infrastructure. Ideal Candidate: Team Player -- Candidate that works well in a collaborate team environment. Effective communication skills and a great personality is a must. Talented -- Your skillsets expand beyond the core knowledge of Windows, UNIX, or Linux platforms. Not only should you be knowledgeable in core Systems, experience in VM environment, Networking, Scripting, Automation, Kubernetes, and awareness of other technologies is a plus. Innovative -- We are always looking for ways improve our process and procedures. The ideal candidate should have natural desire to make things better and not be afraid to speak up if an opportunity for improvement arises. Essential Duties and responsibilities: Perform application deployments using Jenkins and Spinnaker on Prod and Non-Prod Environments. Coordinate and Perform periodic failover testing of Copart's Network/Systems Infrastructure and application environments. Build/Optimize tools with Python, Ansible and Grafana to monitor/collect key metrics and automate remediation of Infrastructure or application issues. Perform monthly security patching of Systems OS and applications. Maintenance and Optimization of the following tools and repositories (Nagios, Netbox, Prometheus, Grafana, Sumologic, Selenium, Instana, Github and more...) Interface with internal teams (Product development, DevOps, Network, Systems and DB) Utilize internal monitoring tools to analyze and pro-actively monitor Copart's Global Data Center and Application infrastructure to catch and quickly resolve issues before it arises. Quickly and efficiently communicate issues with several of Copart's domains. Develop analysis and reporting capabilities; monitor performance and quality control plans to identify improvements. Document standard operating procedures, diagrams, and training materials for use by the teams. Requirements: Progressive knowledge of monitoring protocols such as SNMP, Netflow, Syslog etc. Intermediate programming and scripting knowledge Knowledge in different types of monitoring methodologies i.e Agent and agentless checks. Troubleshooting knowledge with Linux/Unix/Windows based systems Working with VM management software - Vsphere Knowledge of monitoring tools, Nagios, Solar Winds, Site24*7 Be flexible and be able to handle competing/changing priorities. Very strong oral and written communication skills Must be a self-starter with the ability to work well in a team environment Flexible schedule required Knowledge of the areas are a BIG plus Dashboard applications such as Grafana Scripting/Programing/Automation -- Python, Bash, Ansible, Stackstorm Experience working with Github, Jenkins, Spinnaker, Docker, Kubernetes Front end scripting languages, libraries and frameworks such as Java, Javascript, Angular JS, Flask etc. For 40 years, Copart has led its industry in innovation and customer service, enabling it to grow profitably in markets across the globe. Our success is the direct result of the skills and efforts of our talented and diverse employees. Our mindset? It's never just a ""job"" when your coworkers are like family - it's like coming home."
https://www.ziprecruiter.com/ek/l/AAJYJlfEJgYNSeVLrUWCLP7xQYhzQmbfI6oQHU-bLmVISl_AZyYlA-1hQga4_LngJ-PJCLcFUwRFlxzQMT1r481UBMcVkaFrq8UQrJcs6a9hhDBQqVDCcQoZiU9mXwYKAfiuIRgaBLKVgaEvLEYi9eeMtPIQAqCaoclhtJip5HZg-i7apJcF5v5Gyyb5m0_WR4mp_0-GokTDBUmJasQElo1eASS7zrasTqp4,zip_recruiter,Experienced Software Engineer Java / Python (Full Stack or Back End),JPMorgan Chase & Co,,"Plano, TX, USA",,2024-01-11,,,,,,0,,,"As an Experienced Software Engineer at JPMorgan Chase within the Global Technology team, you serve as member of an agile team to design and deliver trusted market-leading technology products in a ..."
https://www.ziprecruiter.com/ek/l/AAIH5DzUekCScHN5zgRNFCdiLoHbTtPj8aKAP2RFo-lF1uu5Y-OXdDHR_WtbtRIIWa0cx4J2-w14ouLqC1yARPP_VBFHlIQRijvI6xor4ql5hMXCnK0k0Kyfmtz93uKYosOoDJSBWakoO9tGfPdfXKPYjHF3VnQ0NjWzrk8jwRo4O6Hs3v2N_zKgMw5nqP9Lw-RxkOSswUIKgQNa9PzKnJnIZcACwKVgIbI,zip_recruiter,Software Developer (Contract) - $40 Hourly,Data Annotation,,"Dallas, TX, USA",,2024-01-11,hourly,40,40,USD,,0,,,"... Software Engineer, or Programmer Note: Data Annotation payment is made via PayPal. We will never ask for any money from you. PayPal will handle any currency conversions from USD. If you are applying ..."
https://www.ziprecruiter.com/k/l/AALwm4zmukPKZJM1qgfO_TJ5wVqlJupCzdThqPWDU8Hbi0MXASEqICHJyM6xcS6aHSrvzMDzMjmSvFq12inHKNHOvkOrcudEk12Oqz2-ozMatw-qeCAFUjjicEwf9V2TDqjy_jFpZKPC6Dh0IfuLN2D15L8ubjfm8oTyTIq_UfOlhGrCicoCJ3t8BtJhYQneqnClohG-D6nP8bciw5_TMcQ,zip_recruiter,"Senior Software Engineer, C#, .NET for Controlling Devices, Hybrid, Dallas (SW1832)",Riccione Resources,,"Dallas, TX, USA",,2024-01-11,yearly,100000,145000,USD,,0,,,"Senior Software Engineer, C#, .NET for Controlling Devices, Hybrid, DallasA mid-size client firm, a leader in its industry, is hiring a Sr. Software Engineer to work in factory automation, robotics, and device control. You will work on developing new software in addition to legacy work.Why should you apply here?Successful 25+ year old firmAerospace industry for commercial and defenseLarge domestic and global clientsFactory automation, Robotics, Device Control SystemsStaff of 25 Engineers in this business unit, 16 Software EngineersEmployee high retention rateHybrid work arrangementNo-cost medical insurance for employee and family coverageWhat will you be doing?Senior-level responsibilities for the design and development of softwareBuild new software for controlling devicesSoftware development for low-level device drivers to application-levelNew development, customized, and iterativePotential work on Siemens and/or Allen Bradley PLCsCollaborate with various corporate technical teams, including cross-functionalWorks directly with the customer to troubleshoot and solve critical problems within the automation systemEnsure timely response and resolution to customer issuesWhat are the minimum qualifications?Bachelor of Science in Electrical, Computer Engineering, Mechanical, Aerospace, Mathematics, etc.Senior-level technical skills in C# and .NET/WindowsExperience programming from the device driver to the application levelExcellent oral and written communication skills are a mustWhat will make your rsum stand out?Experience in factory automation and/or control systemsC programming experience to understand working with PLCSiemens and/or Allen Bradley PLCs experienceSelf-starter, able to work independently, act and deliver results, and exercise a high level of judgment.Location:Hybrid, 3 times/week in office.Headquarters in Dallas, TX.Relocation:Assistance offered.Citizenship:U.S. Citizens. If necessary, may need to get DOD security clearance.Salary:100k 145k, Paid Overtime, 401k matching is 6%. Fully paid medical insurance for all dependents."
https://www.ziprecruiter.com/k/l/AAJMrGPCcswbmbgYFejgI3klDrHFw1g5ukOrdfW1tpPUjEVlHtFJNvERh9ErOhKvElak0iWvULGFnjYi9AB5fWyAdJ1fglZLQDXGdqsZME8P6JLsKOwaqRkKfFitOVoutHgXpqg_utwVUswkZfCwo-BNTRXmt_dLcYaXcanonka4s09W0R3MhbSN4qpqV7atkHRuZyc90GXBWDKwjm5Oooc,zip_recruiter,Senior Software Engineer,17 Mission,,"Dallas, TX, USA",fulltime,2024-01-11,yearly,115000,200000,USD,,0,,,"The Opportunity:This is a remote-friendly opportunity to serve as an early Full Stack Engineer for a well-funded Series A, mission-first company building access to personalized medicine for chronic health disease. We’re experiencing rapid month-over-month growth, and are looking for talented senior engineers to take ownership of large parts of our stack and help define the technical direction and vision for the company.This is an opportunity with a lot of growth potential. Potential Responsibilities:Your responsibilities will involve working full stack and taking ownership of many important aspects of the product and infrastructure. In particular this could include: Building and maintaining our lab integrations stack. We work with over 30 lab companies and need to build deep technical integrations with many. You'll work on building our integrations pipeline to make it fast and efficient to add new labs to our platform.Being a steward of quality, scalability, security and performance.Designing and architecting new systems, or introducing new technologies to support our growth.Working alongside product and design to scope and implement new features and product lines across the stack.As an early engineer, you’ll also have freedom to work on the most impactful projects within the areas of the stack that you enjoy working in most.Qualifications:4+ years of professional software development experience. Preferably in dynamic, fast moving companies and teams.The ability to move fast and write code that solves technical and business problems.The ability to take a broadly defined task and fill in the gaps without every detail being laid out for you.A security by design mindset. We're a healthcare company so it's critical to keep our patients' data safe.Proficiency in building and debugging systems in cloud environments.We are a remote-first company with a HQ office in San Francisco. The base pay range for this role can range from $115,000 - $200,000 a year."
https://www.ziprecruiter.com/k/l/AAKQhT2-ZbNX-M7e7pw0H7ch3TOiPGOu3bAhHFpcSCksTJKN_3V43USUmHpveCyu-267kr0lRU5oKooP56Qsel_oWRyWb_BBlbQM794_vJOwbkrpu4o0qmfexzHBcO1JlcSUBvr0v9cwEyGW5sGbefkf4KlZJN3QbIm2lXqm3TvBZefTHOhFFrPR6NJVcA2P3yPMpc3v7tigArKfFyHbF5T516qYq92hf9k_KXs,zip_recruiter,Software Engineer (Senior Developer/Business Analyst),EdvenSoft Solutions LLC,,"Irving, TX, USA",fulltime,2024-01-11,yearly,93000,96000,USD,,0,,,"We are seeking a Software Engineer (Senior Developer/ Business Analyst) to become an integral part of our team! You will be responsible for creating and modifying computer application software or specialized utility programs.Responsibilities: Involve in all the phases of Software Development Life Cycle (SDLC) and Software Testing Life Cycle (STLC)Associate with business users and other stake holders of the project to ensure there are no gaps in requirements and add/update the business and technological specifications accordinglyIdentify the scope of the project to ensure delivery is compliant with scope commitmentExpertly construct user stories and workflows of the feature in support of the CRM implementationCarry out data analysis, transformation, and loading utilizing Data Loader during functional testingCreate and translate use cases and test scripts for usage in automated regression testing, which involves working on customizing the pages with the required lightning component through Community BuilderInvolve in Quality Center/ ALM administration to create users, groups, domains, and projects.Prepare automation test strategies, test plans and test schedules for all Prescriptive CRM applications.Involved in tech modernization projects like SQL Server upgrade, Windows 2003 Server Elimination and Office migration.Execute test scenarios in different SQL compatibility levels to verify the remediated SQL code and their impacts in legacy applications.Perform SQL database related operations to create and modify data and execute store procedures by passing parameters.Build and Execute automation scripts using open source tools such as Selenium Web Driver and Test NG.Designing and enhancing test automation scripts using HP Unified Functional Testing and ALMBuild automation suites for traditional Waterfall and Agile projectsQualifications:Previous experience in software development, computer engineering, or other related fieldsKnowledge of Java, Python, or other programming languagesFamiliarity with relational databases such as MySQL, Oracle, and SQL ServerDeadline and detail-orientedStrong analytical and critical thinking skills"
https://www.ziprecruiter.com/k/l/AAICRp_Q8KauDXP698nYPIG6elIUquaspvdUMwHNWCTFdtJE0G5NzPFmgVKC58CHw_TFY_czH0Q_031ZGe5Xu7oJDIylnYvZU7kQXLyGNoh5lOJXbyjnbKb5k3fn1KK0caa40BhIvZKm5QHjtQQsZK76xEeJrByOdiD2piVxZ3lL_lCYQG9jnnKDLEj4bGv3RneN0XeRlCR_5ymhF6Zq3Go,zip_recruiter,"Software Engineer  Jr, C#, .NET Framework, Merging Enterprise with Cloud & Mobile, Hybrid/Plano, TX",Riccione Resources,,"Plano, TX, USA",,2024-01-11,yearly,70000,90000,USD,,0,,,"Software Engineer Jr, C#, .NET Framework, Merging Enterprise with Cloud & Mobile, Hybrid/Plano, TXOne of our clients is looking to hire a Software Engineer in the Plano, TX area! If you have solid C#, .NET framework, and SOA skills and are interested in having an impact on the software development of a company with a rapid application environment, then we want to see your rsum!Why should you apply here?This business unit is supported bya largeparent firmTechnology-drivencultureOpportunity to work with enterprise, web, and mobileLeader in its technology nicheMore doing with fewer meetings (bureaucracy)Robust, fast-paced work environmentOpportunity to havean impact on new software development15 personnel on the team, 8 Software EngineersEmphasis on work/life balanceHybrid position, though 60-80% remoteWhat will you be doing?Collaborating with other developers to design, develop, and test new applications, as well as to enhance existing onesWorking in an Agile environment as part of a small team of developersMaking consistent contributions in a rapid application development environmentDocumenting and commenting on designs, code, and test casesParticipating in and contributing to design discussions, code development, code reviews, test case planning, and testingProviding second-level and third-level customer support for existing and new applicationsUsing new and cutting-edge technologies, with the option of eventually working with mobile technologies (iOS and Android)What are the minimum qualifications?College graduate,B.S. in Computer Science, a related field, or some software programming experienceProficiency in C# and .NET FrameworkFamiliarity with server-side developmentKnowledge of service-oriented architectureExcellent communication skills, ability to collaborate and self-motivateWhat will make your rsum stand out?Experience with NoSQL databases (MongoDB, Cassandra, Riak, CouchBase)Experience withASP.NETWeb API and WCFFamiliarity with enterprise queuing and cachingBackground working with RFID technologyExperience with test automation, test-driven design, domain-driven design, continuous integration, enterprise patterns and practices, design patterns, dependency injection, SOLID principles, and cloud-based technologiesFamiliarity with mobile development in iOS and/or AndroidLocation:Plano, TXCitizenship:U.S. Citizens and those authorized to work in the U.S. are encouraged to apply. This company is currently unable to provide sponsorship (e.g., H1B).Salary:70k 90k"
https://www.ziprecruiter.com/k/l/AAJxkk1KHiV3BU_Qh3ZMwDEnk8OTnYDfFy_6W9qCelfWd4wuQ-1HSSbYOsgrWzNEhmGb6kKNfZ7J0QKVNYGTWZ6CM3bnQpKkN-3TkgpYeAjvxa1lHix7W-gSBIEJl8WFuWG4KjDWAU1VHPhgG8eHcYQWcSdkmQ8W-yIbR2FA4b0tIc_JuqubOqWQcG08RmQD0NGzwdmjcHv9f3u9akEweU4,zip_recruiter,"Software Developer - W2 & ONSITE In Irving, TX!!!!",TEKsystems,,"Irving, TX, USA",,2024-01-11,hourly,45,55,USD,,0,,,"C#/.Net Developer, W2, 5 days a week onsite in Irving, TX (NO C2C - Cannot work with any vendors or assist with Sponsorship)!!! Description: The Customer Engagement Team (Mobile App) has three ..."
https://www.ziprecruiter.com/k/l/AAJrXjmjY_2pU_yL9YeAXotp6u1WkCT0QQyn4sgcj9h9WyL7i5lKBZADPxi6YnN8gdFiU0VrYLqEqJhdZ36r-4QKCuRQcAL54xyq2tKBpUdtmZtCY0wMoO7nTudI3fGDRIFRP_Ct7a4gudWx6qEJlQIZUg_FHuyDV2nh1rPMxJ4fV92ftLMueuq46jHDj8V35hN6QLyYLYgfpy4evFhAuw,zip_recruiter,Software Engineer,Callaway Golf Company,,"Dallas, TX, USA",,2024-01-11,yearly,81200,121800,USD,,0,,,"JOB OVERVIEW Callaway is looking for an enthusiastic Software Engineer for the digital team. The position requires firsthand experience designing and implementing efficient, flexible, extensible, and ..."
https://www.ziprecruiter.com/k/l/AAJOJHYbHO798cHtvQ_CK4NGjTX51p326iEEd3scaQIQQXQ1Hkp56wIDvgrrxDuAVe79cBenveKe815Jh53y7MHSoIYd-AtBoQpgD2B10fKJM57cny96uMm78NPqYKtwt4R4wzbTxfZpLY21cfKnsYFLK-yLRdbe6hWyffkd13ABrlmnCeiqj4gcs01_-kq03oMGemuDiC6t18hoimjujw4,zip_recruiter,Senior Software Engineer,Spero Llc,,"Dallas, TX, USA",fulltime,2024-01-11,hourly,50,60,USD,,0,,,"Job Title: Sr. Software EngineerLocation: Ft Worth, Texas (50% on-site role)Job Description:We are seeking a highly skilled and experienced Sr. Software Engineer to join our team and design, develop, implement, document, and support various internally developed Train Control Systems, including Positive Train Control (PTC), Train Sheets, and various supporting .NET applications/services, with a focus on Safety and High Availability. The ideal candidate will use technology systems/applications development experience to analyze requirements, evaluate design alternatives, and develop software solutions that meet business objectives.Key Responsibilities:Design, develop, implement, document, and support various internally developed Train Control SystemsUse technology systems/applications development experience to analyze requirements, evaluate design alternatives, and develop software solutions that meet business objectivesThe applications developed will primarily use the .Net framework, the C# language, ASP.NET, Geographic Information System (GIS) and SQL Server databases in implementing Microsoft based software systems for an intranet web environmentKey responsibilities will be the architecture and design of applications for a safety-sensitive environmentWork with business customers for requirements gathering and system analysisResponsible for design, implementation, and all phases of testingEnsure best practices are followed in implementing technical solutionsBasic Qualifications:B.S. degree in a technical or Engineering field or at least 6 years of equivalent business experience/ equivalent formal trainingAt least 6 years of Object Oriented Development experience5+ years of proven hands-on experience developing distributed systems based using C# to develop .Net Framework based desktop client applications and highly available Windows Services5+ years of SQL ServerExtensive web API and microservice development, integration and orchestrationExperienced at unit, integration, system level testing and troubleshooting issues across platformsAble to identify underlying problems and appropriate techniques for solving themExcellent verbal and written communication skillsExcellent organizational skillsSolid analytical and problem-solving skillsMust be a team player who shares knowledgeAble to work in high performing teams and deliver under pressure situationsHighly Qualified Candidates Will Have:10 years of Object Oriented Development experienceExperience in safety critical product development (e.g. rail, medical, aerospace...)Experience with Web Forms ASP.NET, JavaScript, CSS, HTMLExperience with GISIf you're a team player with a passion for technology and a desire to work with a growing company, we encourage you to apply for this exciting opportunity.Flexible work from home options available."
https://www.ziprecruiter.com/k/l/AAIS8bNTWTlvaLl_zGPauCQ9l7MiWHqQwCM-cLtNBpdpJd9fpTDS8v18lbkHQAmGEseLLhNf-BC9-7i4i9C-NucHoVbu2dc6c45otN_Y3SfCJojIQ_yk1VOEaQRdhYPXm8iTJ3KtgrDFC5YRmiOJvKsxMOPQj-e6YeqnOOdW-YZVWgRfqRhHrveze4eXDfShlyKJDvZcA7ioE93sKzUHZV8,zip_recruiter,Software Developer,Tentamus North America,,"Grand Prairie, TX, USA",,2024-01-11,yearly,75000,90000,USD,,0,,,"Tentamus North America, is seeking a strong Software Developer to assist with the development of our internal laboratory IMS (LIMS).Main responsibilities:Developing applications, scripts and modules for our LIMS (laboratory information management system) in cooperation with internal lab customers.Supporting laboratory software solutions, optimization of software and processes in the laboratory environment, adaptations according to own and external requirements.Advising colleagues in the laboratory as well as support for technical problems with hardware and software - in cooperation with IT department.Creating and updating documentation and process descriptions.Work with the Development team on projects for labs in the U.S. and globally.Qualifications:Associates or Bachelors' degree in business or information technology or comparable training6+ years development experience preferredRelevant programming skills in languages: JAVA, React, Groovy, HTML, XML, SQL and Crystal Reports are desirableKnowledgeable with REST/SOAP API'sProfessional experience in project managementKnowledge in requirements analysis, customizing and programming, testing and ticketing systems are an advantageDynamic, assertive, creative and organized individualEconomic and entrepreneurial thinking skillsAbility to work from home 2 days per week and able to commute to our lab in Grand Prairie, TXWhat we offer you:Competitive salaryComprehensive and low-cost benefits package401k with 3% matchIndustry stability with global presenceCompany that is growingChallenging tasks, a motivated team and a long-term perspectiveA family-conscious working environmentLabs for Life. We are a global network of full-service accredited analytical laboratories providing crucial quality and safety analysis for clients locally, nationally, and beyond using proven methods of chemistry and microbiology. Many of the products you use and consume daily rely on Tentamus labs. With 18 labs in the U.S. and growing (100 globally), we celebrate having the most talented diverse scientific and service-oriented professionals in the industry.www.tentamus.comJob Posted by ApplicantPro"
"https://www.glassdoor.com/job-listing/software-developer-ai-trainer-contract-dataannotation-JV_IC1140006_KO0,38_KE39,53.htm?jl=1009044173604",glassdoor,Software Developer - AI Trainer (Contract),DataAnnotation,,"Irving, TX",,2023-12-23,hourly,40,40,USD,False,,,,
"https://www.glassdoor.com/job-listing/software-development-engineer-ii-gm-financial-JV_IC1139951_KO0,32_KE33,45.htm?jl=1009031637902",glassdoor,Software Development Engineer II,GM Financial,,"Arlington, TX",,2023-12-16,yearly,81204,104320,USD,False,,,,
"https://www.glassdoor.com/job-listing/opentext-developer-eitr-JV_IC1140045_KO0,18_KE19,23.htm?jl=1009047504070",glassdoor,OpenText Developer,EITR,,"Plano, TX",,2023-12-27,hourly,50,65,USD,False,,,,
"https://www.glassdoor.com/job-listing/software-engineer-iii-api-gateway-python-javascript-jpmorgan-chase-co-JV_IC1140045_KO0,51_KE52,69.htm?jl=1009066932320",glassdoor,Software Engineer III (API Gateway/Python/JavaScript),JPMorgan Chase & Co,,"Plano, TX",,,yearly,78037,112279,USD,False,,,,
"https://www.glassdoor.com/job-listing/full-stack-software-engineer-iii-jpmorgan-chase-co-JV_IC1140045_KO0,32_KE33,50.htm?jl=1009066932333",glassdoor,Full Stack Software Engineer III,JPMorgan Chase & Co,,"Plano, TX",,,yearly,88972,116148,USD,False,,,,
"https://www.glassdoor.com/job-listing/sr-associate-application-development-santander-holdings-usa-inc-JV_IC1139977_KO0,36_KE37,63.htm?jl=1009028325543",glassdoor,"Sr. Associate, Application Development",Santander Holdings USA Inc,,"Dallas, TX",,2023-12-14,yearly,93192,143563,USD,False,,,,
"https://www.glassdoor.com/job-listing/ui-developer-angular-developer-blue-wave-technologies-llc-JV_IC1139994_KO0,30_KE31,57.htm?jl=1009014503812",glassdoor,UI Developer / Angular Developer,"Blue Wave Technologies, LLC",,"Frisco, TX",,2023-12-06,yearly,80000,130000,USD,False,,,,
"https://www.glassdoor.com/job-listing/software-engineer-i-bank-of-america-JV_IC1140045_KO0,19_KE20,35.htm?jl=1009068213301",glassdoor,Software Engineer I,Bank of America,,"Plano, TX",,,yearly,93762,109259,USD,False,,,,
"https://www.glassdoor.com/job-listing/senior-software-engineer-liberty-mutual-JV_IC1140045_KO0,24_KE25,39.htm?jl=1009060615482",glassdoor,Senior Software Engineer,Liberty Mutual,,"Plano, TX",,2024-01-06,yearly,103400,188800,USD,False,,,,
"https://www.glassdoor.com/job-listing/sr-developer-full-stack-java-react-js-hcsc-JV_IC1140053_KO0,37_KE38,42.htm?jl=1008584237386",glassdoor,"Sr Developer - Full Stack Java, React.js",HCSC,,"Richardson, TX",,2023-04-13,yearly,89392,124613,USD,False,,,,
https://www.linkedin.com/jobs/view/3767592482,linkedin,Software Developer(Entry/Junior Level),SynergisticIT,https://www.linkedin.com/company/synergisticit,"Dallas, TX",contract,2023-11-28,,,,,,0,,manav@synergisticit.com.No,"Company - SynergisticITWe are looking for entry-level (fresher) engineers. As an entry-level engineer, you will get to: Quickly learn the latest technologies across Web/Mobile Apps, Cloud/DevOps, Data science, and Data engineering. Work with some awesome mentors and peers to become an expert in your area of work. Learn the best engineering practices. We at SynergisticIT understand the problem of the mismatch between employer's requirements and Employee skills and that's why since 2010 we have helped thousands of candidates get jobs at technology clients like Apple, Google, PayPal, Western union, Bank of America, Visa, Walmart labs etc. to name a few.Candidate’s Outcome: https://www.synergisticit.com/candidate-outcomes/Position ResponsibilitiesYour duties will include (but are not limited to): Develop, test, debug, and document application softwareDeveloping and implementing software solutions to meet real-time test requirements.Writing and executing test procedures.Develop training materials for Enterprise-wide sharing.Accuracy and accountability are key.You will be expected to: Develop software verification plans, test procedures, and test environments. You will work under general direction as part of an agile development team.Basic Qualifications (Required Skills/Experience)Education/experience typically acquired through advanced education (e.g. Bachelor)0+ year in C, C++, Full Stack experience with strong software development, optimization and problem-solving skillsProficiency in JavaScript.Experience using Windows/Linux operating system for software development Strong written and oral interpersonal skills for creating and improving technical documents, and to effectively engage globally distributed engineering team.Knowledge of the entire software development lifecycle Preferred Qualifications (Desired Skills/Experience): Proficiency in basic understanding of networking concepts.Proficiency in object-oriented programming. Familiar with the software development and system integration including Agile concepts.Who can apply?It is an ideal job for recent IT graduates looking to build a solid career in the tech industry. Anyone with basic programming knowledge in PYTHON, POWER BI, TABLEAU, R can apply for this position.In order to make a change, please apply to posting or share your updated resume at manav@synergisticit.com.No third-party candidates or c2c candidatesTo apply for this position, please apply to the postingNo phone calls please. Shortlisted candidates would be reached out."
https://www.linkedin.com/jobs/view/3776863518,linkedin,Junior Front End Engineer,minware,https://www.linkedin.com/company/minware,"Dallas, TX",fulltime,2023-12-02,,,,,,0,,,"About Minwareminware provides engineering business metrics that show the true cost of engineering impediments. This helps organizations make better decisions with stronger alignment between engineers and executives.Kevin Borders founded minware after bootstrapping his previous company to $86m in revenue and selling in 2021, with the idea of helping others benefit from lessons learned growing an engineering team from 0 to 40.minware is a self-funded seed-stage company. After promising initial customer traction, we are looking for people who share our values to help bring minware to a larger audience.The RoleAs an early engineer, you will have the unique opportunity to work directly with minware's founders to build the product from the ground up. We are looking for someone who enjoys designing, developing, and maintaining front-end software.We are seeking an ambitious and nice junior engineer who has experience independently executing complex projects and building scalable, maintainable software. As a purveyor of developer productivity analytics, we are diligent about process efficiency and code quality. Though we are small, we try to avoid unnecessarily creating technical debt and are looking for someone who can lead us toward this goal.Primary ResponsibilitiesDevelop UX/UX components for customer facing applications to enhance scalability, performance, and user experienceWork closely with product managers and customers to define minware's capabilitiesPerform code reviews, unit testing, and continuous integration to maintain code quality standardsManage a backlog of tech debt reduction and internal efficiency improvementsQualificationsFamiliarity with principles of high-quality code, including continuous integration, declarative and functional programmingStrong communication skills for interfacing with non-technical stakeholders and occasionally with customersWell-versed in agile or lean planning and project management processesProficiency in Figma, HTML, and CSSExperience with the core stack (Next.js, Apollo GraphQL, React) or similar technologies is preferredBenefits and PerksCompetitive base salary, bonus, and seed-stage equity compensation100% remote work, flexible hours, and unlimited vacation policy. (Read here about how we built trust in our previous all-remote company.)Full health care premium coverage for you and your familyUnique career development guidance reporting directly to the founder/CEOWe offer competitive compensation packages along with stock options based on industry benchmarks for function, and level. Offer amounts are determined by multiple factors such as a candidate's experience and expertise.Base Compensation:$80,000—$120,000 USD"
https://www.linkedin.com/jobs/view/3767596128,linkedin,Software Developer(Entry Level),SynergisticIT,https://www.linkedin.com/company/synergisticit,"Dallas, TX",contract,2023-11-28,,,,,,0,,,"The Job Market is Challenging due to almost 300,000 Tech Layoffs since October 2022 due to which thousands of laid off Techies are competing with existing Jobseekers. Entry level Job seekers struggle to get responses to their applications forget about getting client interviews. As the Saying goes ""when the Going gets tough the Tough get going Candidates who want to make a tech career they need to differentiate themselves by ensuring they have exceptional skills and technologies to be noticed by clients.Since 2010 Synergisticit has helped Jobseekers differentiate themselves by providing candidates the requisite skills and experience to outperform at interviews and clients. Here at SynergisticIT We just don't focus on getting you a Job we make careers.All Positions are open for all visas and US citizens We are matchmakers we provide clients with candidates who can perform from day 1 of starting work. In this challenging economy every client wants to save $$$'s and they want the best value for their money. Jobseekers need to self-evaluate if they have the requisite skills to meet client requirements and needs. Clients now post covid can also hire remote workers which increases even more competition for jobseekers.We at Synergisticit understand the problem of the mismatch between employer's requirements and Employee skills and that's why since 2010 we have helped 1000's of candidates get jobs at technology clients like apple, google, Paypal, western union, Client, visa, walmart lab s etc to name a few.We have an excellent reputation with the clients. Currently, We are looking for entry-level software programmers, Java Full stack developers, Python/Java developers, Data analysts/ Data Scientists, Machine Learning engineers for full time positions with clients.Who Should Apply Recent Computer science/Engineering /Mathematics/Statistics or Science Graduates or People looking to switch careers or who have had gaps in employment and looking to make their careers in IT Industry We assist in filing for STEM extension and also for H1b and Green card filing to Candidates We also offer optionally Skill and technology enhancement programs for candidates who are either missing skills or are lacking Industry/Client experience with Projects and skills. Candidates having difficulty in finding jobs or cracking interviews or who wants to improve their skill portfolio. If they are qualified with enough skills and have hands on project work at clients then they should be good to be submitted to clients. Shortlisting and selection is totally based on clients discretion not ours. please check the below links to see success outcomes of our candidates https://www.synergisticit.com/candidate-outcomes/ We regularly interact with the Top Tech companies to give our candidates a competitive advantage-Please see us exhibiting at Oracle Cloud world /Oracle Java one (Las vegas) -2023/2022 and at Gartner Data Analytics Summit (Florida)-2023 Oracle CloudWorld Event (OCW) Las Vegas 2023/ 2022 | SynergisticIT - YouTube https://youtu.be/-HkNN1ag6Zk https://youtu.be/Rfn8Y0gnfL8 https://www.youtube.com/watch?v=OAFOhcGy9Z8 https://www.youtube.com/watch?v=EmO7NrWHkLM https://www.youtube.com/watch?v=NVBU9RYZ6UI https://www.youtube.com/watch?v=Yy74yvjatVgFor preparing for interviews please visit https://www.synergisticit.com/interview-questions/ We are looking for the right matching candidates for our clients Please apply via the job postingREQUIRED SKILLS For Java /Full Stack/Software Programmer Bachelors degree or Masters degree in Computer Science, Computer Engineering, Electrical Engineering, Information Systems, IT Highly motivated, self-learner, and technically inquisitive Experience in programming language Java and understanding of the software development life cycle Project work on the skills Knowledge of Core Java , javascript , C++ or software programming Spring boot, Microservices, Docker, Jenkins and REST API's experience Excellent written and verbal communication skills For data Science/Machine learning PositionsRequired Skills Bachelors degree or Masters degree in Computer Science, Computer Engineering, Electrical Engineering, Information Systems, IT Project work on the technologies needed Highly motivated, self-learner, and technically inquisitive Experience in programming language Java and understanding of the software development life cycle Knowledge of Statistics, SAS, Python, Computer Vision, data visualization tools Excellent written and verbal communication skills Preferred skills: NLP, Text mining, Tableau, PowerBI, Tensorflow If you get emails from our skill enhancement team please ask them to take you off their distribution list and make you unavailable as they share the same database with the client servicing team. No phone calls please. Shortlisted candidates would be reached out. No third party or agency candidates or c2c candidates"
https://www.linkedin.com/jobs/view/3789898467,linkedin,Java Developer (Entry Level),Magnus Technology Solutions,https://www.linkedin.com/company/magnus-technology-solutions,"Dallas, TX",fulltime,2023-12-19,,,,,,0,Actively Hiring,,"Job DescriptionWe are seeking a Java Developer (Entry Level) to become an integral part of our team! You will be responsible for creating and modifying computer application software or specialized utility programs.Responsibilities:Analyze user needs and develop software solutionsWork with project manager or product owner to meet specification needsRecommend software upgrades to optimize operational efficiencyCollaborate with other developers to design and optimize codeCreate flowcharts and user guides for new and existing programsDocument all programming tasks and proceduresPerform routine software maintenanceQualifications:Previous experience in software development, computer engineering, or other related fieldsKnowledge of Java, Python, or other programming languagesFamiliarity with relational databases such as MySQL, Oracle, and SQL ServerDeadline and detail-orientedStrong analytical and critical thinking skillsCompany DescriptionMagnus Technology Solutions provide quick orientation / training for professionals & placement for candidates having work authorization in USA. We work on #Selenium, #QA_Testing, #QA_Automation, #Manual_Testing #Dotnet, #java, #j2ee, #java_UI, #Angular, #React, #Python, #DevOps, #Salesforce, #Hadoop, #IOS, #Android, #RPA, #Mulesoft and any #Developer related #Technologies.Magnus Technology Solutions provide quick orientation / training for professionals & placement for candidates having work authorization in USA. We work on #Selenium, #QA_Testing, #QA_Automation, #Manual_Testing #Dotnet, #java, #j2ee, #java_UI, #Angular, #React, #Python, #DevOps, #Salesforce, #Hadoop, #IOS, #Android, #RPA, #Mulesoft and any #Developer related #Technologies."
https://www.linkedin.com/jobs/view/3767597019,linkedin,Python Developer (Entry Level),SynergisticIT,https://www.linkedin.com/company/synergisticit,"Dallas, TX",contract,2023-11-28,,,,,,0,Be an early applicant,,"SynergisticIT is committed to fast track your career by increasing your career prospects. We provide a broad spectrum of career advancement solutions. Whether you are struggling to find a job or hustling to get noticed by the hiring managers, we can help you stand out in your professional endeavors.Trusted by thousands of tech enthusiasts, SynergisticIT can bridge your skill and knowledge gap to make you competent for high-tech jobs. Our invaluable business acumen helps us assist thriving job seekers in achieving their career goals.Currently, we are looking for adept entry-level Python Developers to work with our elite group of clients, namely Client, PayPal, Expedia Group, Google, Apple, Cognizant, Ford, Cisco, Walmart Labs, etc.Required Qualifications And BackgroundBachelor's degree or Master's degree in Computer Science, Electrical Engineering, Computer Engineering, Information Systems, IT, Mathematics, Mathematics or Statistics background Skills Required 0 to 2 years of experience in Python developmentDeep understanding of the software development life cycleKnowledge of Linear Algebra, Statistics, and Mathematics conceptsExcellent written and verbal communication skillsTechnically inquisitive, self-learner, team player, and highly motivatedStrong work ethics and creative problem-solving abilitiesPreferred SkillsDeep LearningData visualizationScalaNLPDjango Roles and Responsibilities As an entry-level Python Developer, you need to perform the following duties:Write server-side web application logicWrite scalable and effective codes in PythonDevelop backend components to boost overall application's performanceExecuting tests and fixing bugs in applications and softwareImplement data protection and security solutionsConnect applications with third-party web servicesSupport frontend developers by integrating UI elements into Python applicationsBenefitsCompetitive salary Flexible work schedule & part-time off E-verified H1B Filing No relocation On job technical support Skill Enhancement Opportunity to work with Fortune 500 Companies Who can apply? This job opportunity is best suited for recent IT graduates who want to make a mark in the tech industry and upskill their IT talent. Anyone with a basic knowledge of Python programming or having some experience in building Python software solutions can apply for this position.Candidate's Outcome : Best Programmers in USA | Best Coding Bootcamp - SynergisticITNo third-party candidates or c2c candidates If you are interested, please apply to the posting. No phone calls please, Shortlisted candidates would be reached out."
https://www.linkedin.com/jobs/view/3789877983,linkedin,Python Developer (Entry Level),Magnus Technology Solutions,https://www.linkedin.com/company/magnus-technology-solutions,"Dallas, TX",fulltime,2023-12-19,,,,,,0,Actively Hiring,,"Job DescriptionWe are seeking a Python Developer (Entry Level) to become an integral part of our team! You will be responsible for creating and modifying computer application software or specialized utility programs.Responsibilities:Analyze user needs and develop software solutionsWork with project manager or product owner to meet specification needsRecommend software upgrades to optimize operational efficiencyCollaborate with other developers to design and optimize codeCreate flowcharts and user guides for new and existing programsDocument all programming tasks and proceduresPerform routine software maintenanceQualifications:Previous experience in software development, computer engineering, or other related fieldsKnowledge of Java, Python, or other programming languagesFamiliarity with relational databases such as MySQL, Oracle, and SQL ServerDeadline and detail-orientedStrong analytical and critical thinking skillsCompany DescriptionMagnus Technology Solutions provide quick orientation / training for professionals & placement for candidates having work authorization in USA. We work on #Selenium, #QA_Testing, #QA_Automation, #Manual_Testing #Dotnet, #java, #j2ee, #java_UI, #Angular, #React, #Python, #DevOps, #Salesforce, #Hadoop, #IOS, #Android, #RPA, #Mulesoft and any #Developer related #Technologies.Magnus Technology Solutions provide quick orientation / training for professionals & placement for candidates having work authorization in USA. We work on #Selenium, #QA_Testing, #QA_Automation, #Manual_Testing #Dotnet, #java, #j2ee, #java_UI, #Angular, #React, #Python, #DevOps, #Salesforce, #Hadoop, #IOS, #Android, #RPA, #Mulesoft and any #Developer related #Technologies."
https://www.linkedin.com/jobs/view/3789921202,linkedin,Internship-Full Stack Developer,7-Eleven,https://www.linkedin.com/company/7-eleven,"Irving, TX",fulltime,2023-12-21,,,,,,0,Actively Hiring,,"OverviewSummer Internships at 7-Eleven We Began As An Original. We Remain An Original At The Top Of The Convenience Industry.We Began As An Original. We Remain An Original At The Top Of The Convenience Industry. Our company invented the concept of convenience retailing. But we didn’t stop there. 7-Eleven® has captured the world with a proven willingness and ability to innovate. We were the first company in America to offer fresh-brewed to-go coffee. More than six million of our Slurpee® beverages have been sipped since 1966. And, to continuously stay ahead of the curve, we introduce more than 2,500+ new products each year.With over 77,000 global locations, 7-Eleven Inc. is the world’s largest operator, franchiser and licensor of convenience stores and is also one of the nation’s largest independent gasoline retailers. The company continues to achieve operational accolades, win awards in franchising and drive innovation in retail in the mission to make life a little easier for our guests by being where they need us, when they need us.About these Opportunities: 7-Eleven Inc. has several opportunities for 2024 Summer Internships. Each internship opportunity will occur during the summer months, (10-12 weeks), focused on a specific functional area, and will provide the candidate with a depth experience within the area, culminating in a project presentation to functional leaders. Each intern will work closely with a coach who will meet regularly to discuss project progress, provide direction and ongoing feedback. In addition, each intern will attend a lunch series which will provide a cross-functional view into the organization and give the interns exposure to senior leadership. The interns will also have the experience of touring a store and learning about our distribution systems.ResponsibilitiesKey Skills, Responsibility and DutiesBasic coding skills (Java, Spring Boot, React, REST, JSON) Strong OOD and SOA principles, with ability to implement them in a language of choice (prefer Java)Collaborate with senior developers to design, code, and test software solutions using Java, React or Cypress.Assist in the analysis and resolution of software defects.Work on assigned tasks and projects within specified deadlines.Contribute to the documentation of software designs, coding, and testing.Stay updated on industry trends and follow best practices.Able to operate at highly varying levels of abstraction from detailed technical design to implementation.Basic database skills in both SQL preferably Postgres and No-SQL preferably Cassandra.Understanding the importance and usage of message queuing like Kafka/ActiveMQ.Basic understanding in Kubernetes and AWS/Azure skills is preferable.Understanding project SCRUM execution process.Demonstrate the self-work completed at the end of each sprint.Flexibly coordinate and work with geo scattered team to achieve project goals.Participate in code reviews to ensure code quality and compliance with coding standards.Participate in test case review meetings.QualificationsMust Have” Knowledge and SkillsGood analytical, logical and problem-solving skills with an innovative mindsetGood knowledge of algorithms and data structures.Good written and verbal communicationMandatory presence in all team meetings and SCRUM calls.Ability to work independently and as part of a team.Eagerness to learn and take on new challenges.Qualifications:Computer Science, Software Engineering, or related program or recent graduate.Solid understanding of core Java concepts and principles.Familiarity with object-oriented programming and design patterns.Basic understanding of software development lifecycle (SDLC) and agile methodologies."
https://www.linkedin.com/jobs/view/3788129374,linkedin,React JS Developer,KG Invicta Services (KGiS),https://in.linkedin.com/company/kgis,"Irving, TX",fulltime,2023-11-24,,,,,,0,Be an early applicant,,"Work Model: OnsiteType: ContractJob DescriptionWe are looking for a great JavaScript developer who is proficient with React.js. Your primary focus will be on developing user interface components and implementing them following well-known React.js middleware (such as React Hooks or Redux). You will ensure that these components and the overall application are robust and easy to maintain. You will coordinate with the rest of the team working on different layers of the infrastructure. Therefore, a commitment to collaborative problem solving, sophisticated design, and quality product is important.ResponsibilitiesDeveloping new user-facing features using React.jsBuilding reusable components and front-end libraries for future useTranslating designs and wireframes into high quality codeOptimizing components for maximum performance across a vast array of browsers and web-capable devices.Develop new products/features for web that adhere to best practices.Define the technical requirements that are required to develop the product/feature.Architect and design the technical solution and implement the solution.Deliver a hybrid user experience to be easily portable between web and mobile.Explore, assess and prototype new technologies to drive innovation and problem solving.Partner and collaborate with stakeholders and other technology teams.Identify and analyze open source/market solutions.Skills / QualificationsStrong proficiency in JavaScript, including DOM manipulation and the JavaScript object model.Thorough understanding of React.js and its core principlesExperience with popular React.js workflows (such as Hooks or Redux)Familiarity with newer specifications of ECMA-Script.Must be hands on with all fundamental libraries and concepts to work a front-end application.Experience with NoSQL data bases like Mongo DB.Knowledge of isomorphic React is a plus.Familiarity with RESTful APIsKnowledge of modern authorization mechanisms, such as JSON Web Token, oAuth.Familiarity with modern front-end build pipelines and toolsExperience with common front-end development tools such as Babel, Webpack, NPM, etc.Ability to understand business requirements and translate them into technical requirements.A knack for benchmarking and optimizationFamiliarity with git version control tool"
https://www.linkedin.com/jobs/view/3781137140,linkedin,"Software Engineer - Early Career - Dallas, TX",Lockheed Martin,https://www.linkedin.com/company/lockheed-martin,"Grand Prairie, TX",internship,2023-12-12,,,,,,0,Actively Hiring,,"Description:Lockheed Martin is a global security and aerospace company that employs approximately 114,000 people worldwide and is principally engaged in the research, design, development, manufacture, integration and sustainment of advanced technology systems, products and services. Lockheed Martin Missiles and Fire Control (MFC) is one of four Lockheed Martin business areas. MFC is a recognized designer, developer and manufacturer of precision engagement aerospace and defense systems for the U.S. and allied militaries. MFC develops, manufactures and supports advanced products for military customers that include the U.S. Army, Navy, Air Force, Marine Corps, NASA and dozens of foreign allies. MFC also offers a wide range of products and services for the global civil nuclear power industry and the military’s green power initiatives.As a Software Engineer at MFC, you will join one of the largest networks of software professionals, implementing cutting edge technologies on both existing and new development platforms. You will be helping us solve the world’s most difficult challenges supporting such wide-ranging domain areas such as aircraft flight command and control, air traffic control, health care, and homeland defense. Software professionals at MFC have the opportunity to work with a variety of technologies such as machine learning and related artificial intelligence, quantum computing using one of the world’s first quantum computers, business applications such Enterprise Resource Planning (ERP), naval systems, radar systems, business intelligence/analytics, working on a Infrastructure Service Provider (ISP) team, developing code to support wireless mobile technologies, spacecraft attitude control, development of “green” technologies, robotics, oceanic exploration, missile combat systems, and virtual reality simulation platforms, information assurance/cyber security among other amazing software frontiers. We are a matrix engineering and technology organization so you will touch multiple programs over your career!MFC is looking for a graduating Software Engineering student with training in C/C++ to develop and maintain embedded software applications and/or desktop applications. Tasks involve requirement, design, code, test, and integrate software for an embedded multi-core system as well as desktop computer applications for emulation of sensors and countermeasures. Prior experience in GUI development is a plus to develop a user and data display interface. The best candidates will have experience with Linux OS and previous intern experience. Candidate will apply appropriate standards, processes, procedures, and tools throughout the development life cycle. For this assignment, the candidate will be assigned a “buddy” to answer questions that arise daily. They will work in a team with both technical and career leaders.Candidates applying to this position should have a Bachelor’s degree, or greater, in Computer Engineering, Software Engineering, Computer Science or an equivalent field.Telecommuting opportunities can vary depending on daily tasking. For more details about the classification of this assignment, please see ""Ability to Work Remotely"".Candidates filling this position will need a US citizen and will need a clearance at the level specified in “Clearance Level” or will need the ability to get a clearance if not specified. In addition to meeting security clearance requirements, candidate may need to be approved to work Special Access Program (SAP) prior to start of employment.Basic Qualifications Software development experience in C/C++ Ability to obtain DoD Secret Clearance Must be US Citizen Must have Bachelor's degree in related software disciplineDesired Skills Software configuration management Full software life-cycle development Ability to work with multi-disciplined teams Prior software development internships. Software integration and debugging techniques. Familiarity with Agile practices Degree in Computer Engineering Degree in Computer Science with focus on science and mathSecurity Clearance Statement: This position requires a government security clearance, you must be a US Citizen for consideration.Clearance Level: SecretOther Important Information You Should KnowExpression of Interest: By applying to this job, you are expressing interest in this position and could be considered for other career opportunities where similar skills and requirements have been identified as a match. Should this match be identified you may be contacted for this and future openings.Ability to Work Remotely: Part-time Remote Telework: The employee selected for this position will work part of their work schedule remotely and part of their work schedule at a designated Lockheed Martin facility. The specific weekly schedule will be discussed during the hiring process.Work Schedules: Lockheed Martin supports a variety of alternate work schedules that provide additional flexibility to our employees. Schedules range from standard 40 hours over a five day work week while others may be condensed. These condensed schedules provide employees with additional time away from the office and are in addition to our Paid Time off benefits.Schedule for this Position: 4x10 hour day, 3 days off per weekLockheed Martin is an Equal Opportunity/Affirmative Action Employer. All qualified applicants will receive consideration for employment without regard to race, color, religion, sex, pregnancy, sexual orientation, gender identity, national origin, age, protected veteran status, or disability status.The application window will close in 90 days; applicants are encouraged to apply within 5 - 30 days of the requisition posting date in order to receive optimal consideration.Join us at Lockheed Martin, where your mission is ours. Our customers tackle the hardest missions. Those that demand extraordinary amounts of courage, resilience and precision. They’re dangerous. Critical. Sometimes they even provide an opportunity to change the world and save lives. Those are the missions we care about.As a leading technology innovation company, Lockheed Martin’s vast team works with partners around the world to bring proven performance to our customers’ toughest challenges. Lockheed Martin has employees based in many states throughout the U.S., and Internationally, with business locations in many nations and territories.Experience Level: 4 yr and up CollegeBusiness Unit: MISSILES AND FIRE CONTROLRelocation Available: PossibleCareer Area: Software EngineeringType: Full-TimeShift: First"
https://www.linkedin.com/jobs/view/3777352191,linkedin,"Software Engineer - Early Career - Dallas, TX",Lockheed Martin,https://www.linkedin.com/company/lockheed-martin,"Grand Prairie, TX",internship,2023-12-07,,,,,,0,Be an early applicant,,"Description:Lockheed Martin is a global security and aerospace company that employs approximately 114,000 people worldwide and is principally engaged in the research, design, development, manufacture, integration and sustainment of advanced technology systems, products and services. Lockheed Martin Missiles and Fire Control (MFC) is one of four Lockheed Martin business areas. MFC is a recognized designer, developer and manufacturer of precision engagement aerospace and defense systems for the U.S. and allied militaries. MFC develops, manufactures and supports advanced products for military customers that include the U.S. Army, Navy, Air Force, Marine Corps, NASA and dozens of foreign allies. MFC also offers a wide range of products and services for the global civil nuclear power industry and the military’s green power initiatives.As a Software Engineer at MFC, you will join one of the largest networks of software professionals, implementing cutting edge technologies on both existing and new development platforms. You will be helping us solve the world’s most difficult challenges supporting such wide-ranging domain areas such as aircraft flight command and control, air traffic control, health care, and homeland defense. Software professionals at MFC have the opportunity to work with a variety of technologies such as machine learning and related artificial intelligence, quantum computing using one of the world’s first quantum computers, business applications such Enterprise Resource Planning (ERP), naval systems, radar systems, business intelligence/analytics, working on a Infrastructure Service Provider (ISP) team, developing code to support wireless mobile technologies, spacecraft attitude control, development of “green” technologies, robotics, oceanic exploration, missile combat systems, and virtual reality simulation platforms, information assurance/cyber security among other amazing software frontiers. We are a matrix engineering and technology organization so you will touch multiple programs over your career!MFC is looking for a graduating Software Engineering student with training in C/C++ to develop and maintain embedded software applications and/or desktop applications. Tasks involve requirement, design, code, test, and integrate software for an embedded multi-core system as well as desktop computer applications for emulation of sensors and countermeasures. Prior experience in GUI development is a plus to develop a user and data display interface. The best candidates will have experience with Linux OS and previous intern experience. Candidate will apply appropriate standards, processes, procedures, and tools throughout the development life cycle. For this assignment, the candidate will be assigned a “buddy” to answer questions that arise daily. They will work in a team with both technical and career leaders.Candidates applying to this position should have a Bachelor’s degree, or greater, in Computer Engineering, Software Engineering, Computer Science or an equivalent field.Telecommuting opportunities can vary depending on daily tasking. For more details about the classification of this assignment, please see ""Ability to Work Remotely"".Candidates filling this position will need a US citizen and will need a clearance at the level specified in “Clearance Level” or will need the ability to get a clearance if not specified. In addition to meeting security clearance requirements, candidate may need to be approved to work Special Access Program (SAP) prior to start of employment.Basic Qualifications Software development experience in C/C++ Ability to obtain DoD Secret Clearance Must be US Citizen Must have Bachelor's degree in related software disciplineDesired Skills Software configuration management Full software life-cycle development Ability to work with multi-disciplined teams Prior software development internships. Software integration and debugging techniques. Familiarity with Agile practices Degree in Computer Engineering Degree in Computer Science with focus on science and mathSecurity Clearance Statement: This position requires a government security clearance, you must be a US Citizen for consideration.Clearance Level: SecretOther Important Information You Should KnowExpression of Interest: By applying to this job, you are expressing interest in this position and could be considered for other career opportunities where similar skills and requirements have been identified as a match. Should this match be identified you may be contacted for this and future openings.Ability to Work Remotely: Part-time Remote Telework: The employee selected for this position will work part of their work schedule remotely and part of their work schedule at a designated Lockheed Martin facility. The specific weekly schedule will be discussed during the hiring process.Work Schedules: Lockheed Martin supports a variety of alternate work schedules that provide additional flexibility to our employees. Schedules range from standard 40 hours over a five day work week while others may be condensed. These condensed schedules provide employees with additional time away from the office and are in addition to our Paid Time off benefits.Schedule for this Position: 4x10 hour day, 3 days off per weekLockheed Martin is an Equal Opportunity/Affirmative Action Employer. All qualified applicants will receive consideration for employment without regard to race, color, religion, sex, pregnancy, sexual orientation, gender identity, national origin, age, protected veteran status, or disability status.The application window will close in 90 days; applicants are encouraged to apply within 5 - 30 days of the requisition posting date in order to receive optimal consideration.Join us at Lockheed Martin, where your mission is ours. Our customers tackle the hardest missions. Those that demand extraordinary amounts of courage, resilience and precision. They’re dangerous. Critical. Sometimes they even provide an opportunity to change the world and save lives. Those are the missions we care about.As a leading technology innovation company, Lockheed Martin’s vast team works with partners around the world to bring proven performance to our customers’ toughest challenges. Lockheed Martin has employees based in many states throughout the U.S., and Internationally, with business locations in many nations and territories.Experience Level: 4 yr and up CollegeBusiness Unit: MISSILES AND FIRE CONTROLRelocation Available: PossibleCareer Area: Software EngineeringType: Full-TimeShift: First"
